"id","sexo","educ","catlab","salario","salini","tiempemp","expprev","minoria","edad"
1,"Hombre",15,"Directivo",57000,27000,98,144,"No",25
2,"Hombre",16,"Administrativo",40200,18750,98,36,"No",19
3,"Mujer",12,"Administrativo",21450,12000,98,381,"No",48
4,"Mujer",8,"Administrativo",21900,13200,98,190,"No",30
5,"Hombre",15,"Administrativo",45000,21000,98,138,"No",22
6,"Hombre",15,"Administrativo",32100,13500,98,67,"No",19
7,"Hombre",15,"Administrativo",36000,18750,98,114,"No",21
8,"Mujer",12,"Administrativo",21900,9750,98,0,"No",11
9,"Mujer",15,"Administrativo",27900,12750,98,115,"No",31
10,"Mujer",12,"Administrativo",24000,13500,98,244,"No",31
11,"Mujer",16,"Administrativo",30300,16500,98,143,"No",27
12,"Hombre",8,"Administrativo",28350,12000,98,26,"Sí",11
13,"Hombre",15,"Administrativo",27750,14250,98,34,"Sí",17
14,"Mujer",15,"Administrativo",35100,16800,98,137,"Sí",28
15,"Hombre",12,"Administrativo",27300,13500,97,66,"No",15
16,"Hombre",12,"Administrativo",40800,15000,97,24,"No",13
17,"Hombre",15,"Administrativo",46000,14250,97,48,"No",15
18,"Hombre",16,"Directivo",103750,27510,97,70,"No",21
19,"Hombre",12,"Administrativo",42300,14250,97,103,"No",15
20,"Mujer",12,"Administrativo",26250,11550,97,48,"No",37
21,"Mujer",16,"Administrativo",38850,15000,97,17,"No",14
22,"Hombre",12,"Administrativo",21750,12750,97,315,"Sí",37
23,"Mujer",15,"Administrativo",24000,11100,97,75,"Sí",12
24,"Mujer",12,"Administrativo",16950,9000,97,124,"Sí",44
25,"Mujer",15,"Administrativo",21150,9000,97,171,"Sí",35
26,"Hombre",15,"Administrativo",31050,12600,96,14,"No",11
27,"Hombre",19,"Directivo",60375,27480,96,96,"No",23
28,"Hombre",15,"Administrativo",32550,14250,96,43,"No",14
29,"Hombre",19,"Directivo",135000,79980,96,199,"No",33
30,"Hombre",15,"Administrativo",31200,14250,96,54,"No",16
31,"Hombre",12,"Administrativo",36150,14250,96,83,"No",13
32,"Hombre",19,"Directivo",110625,45000,96,120,"No",23
33,"Hombre",15,"Administrativo",42000,15000,96,68,"No",16
34,"Hombre",19,"Directivo",92000,39990,96,175,"No",28
35,"Hombre",17,"Directivo",81250,30000,96,18,"No",16
36,"Mujer",8,"Administrativo",31350,11250,96,52,"No",14
37,"Hombre",12,"Administrativo",29100,13500,96,113,"Sí",23
38,"Hombre",15,"Administrativo",31350,15000,96,49,"Sí",15
39,"Hombre",16,"Administrativo",36000,15000,96,46,"Sí",17
40,"Mujer",15,"Administrativo",19200,9000,96,23,"Sí",44
41,"Mujer",12,"Administrativo",23550,11550,96,52,"Sí",16
42,"Hombre",15,"Administrativo",35100,16500,95,90,"No",17
43,"Hombre",12,"Administrativo",23250,14250,95,46,"No",13
44,"Hombre",8,"Administrativo",29250,14250,95,50,"No",14
45,"Hombre",12,"Seguridad",30750,13500,95,307,"No",39
46,"Mujer",15,"Administrativo",22350,12750,95,165,"No",37
47,"Mujer",12,"Administrativo",30000,16500,95,228,"No",39
48,"Hombre",12,"Seguridad",30750,14100,94,240,"No",30
49,"Hombre",15,"Administrativo",34800,16500,94,93,"No",19
50,"Hombre",16,"Directivo",60000,23730,94,59,"No",17
51,"Hombre",12,"Administrativo",35550,15000,94,48,"No",15
52,"Hombre",15,"Administrativo",45150,15000,94,40,"No",14
53,"Hombre",18,"Directivo",73750,26250,94,56,"No",23
54,"Hombre",12,"Administrativo",25050,13500,94,444,"No",46
55,"Hombre",12,"Administrativo",27000,15000,94,120,"No",17
56,"Hombre",15,"Administrativo",26850,13500,94,5,"No",15
57,"Hombre",15,"Administrativo",33900,15750,94,78,"No",14
58,"Mujer",15,"Administrativo",26400,13500,94,3,"No",13
59,"Hombre",15,"Administrativo",28050,14250,94,36,"Sí",16
60,"Hombre",12,"Administrativo",30900,15000,94,102,"Sí",18
61,"Hombre",8,"Administrativo",22500,9750,94,36,"Sí",13
62,"Hombre",16,"Directivo",48000,21750,93,22,"No",15
63,"Hombre",17,"Directivo",55000,26250,93,32,"No",16
64,"Hombre",16,"Directivo",53125,21000,93,48,"No",14
65,"Hombre",8,"Administrativo",21900,14550,93,41,"No",13
66,"Hombre",19,"Directivo",78125,30000,93,7,"No",15
67,"Hombre",16,"Directivo",46000,21240,93,35,"No",13
68,"Hombre",16,"Directivo",45250,21480,93,36,"No",14
69,"Hombre",16,"Directivo",56550,25000,93,34,"No",17
70,"Hombre",15,"Administrativo",41100,20250,93,27,"No",15
71,"Hombre",17,"Directivo",82500,34980,93,207,"No",29
72,"Mujer",16,"Administrativo",54000,18000,93,11,"No",13
73,"Mujer",12,"Administrativo",26400,10500,93,0,"No",9
74,"Mujer",15,"Administrativo",33900,19500,93,192,"No",44
75,"Mujer",15,"Administrativo",24150,11550,93,0,"No",12
76,"Mujer",15,"Administrativo",29250,11550,93,11,"No",10
77,"Mujer",12,"Administrativo",27600,11400,93,6,"No",9
78,"Mujer",12,"Administrativo",22950,10500,93,10,"No",9
79,"Mujer",16,"Administrativo",34800,14550,93,8,"No",15
80,"Mujer",16,"Administrativo",51000,18000,93,22,"No",16
81,"Mujer",12,"Administrativo",24300,10950,93,5,"No",9
82,"Mujer",12,"Administrativo",24750,14250,93,193,"Sí",30
83,"Mujer",12,"Administrativo",22950,11250,93,0,"Sí",10
84,"Mujer",8,"Administrativo",25050,10950,93,8,"Sí",10
85,"Hombre",15,"Administrativo",25950,17100,92,42,"No",15
86,"Hombre",15,"Administrativo",31650,15750,92,64,"No",16
87,"Hombre",12,"Administrativo",24150,14100,92,130,"No",18
88,"Hombre",19,"Directivo",72500,28740,92,10,"No",15
89,"Hombre",19,"Directivo",68750,27480,92,8,"No",16
90,"Mujer",8,"Administrativo",16200,9750,92,0,"No",39
91,"Mujer",12,"Administrativo",20100,11250,92,24,"No",10
92,"Mujer",8,"Administrativo",24000,10950,92,6,"No",9
93,"Mujer",12,"Administrativo",25950,10950,92,0,"No",9
94,"Mujer",12,"Administrativo",24600,10050,92,44,"No",27
95,"Mujer",12,"Administrativo",28500,10500,92,6,"No",9
96,"Hombre",8,"Seguridad",30750,15000,92,432,"Sí",44
97,"Hombre",17,"Administrativo",40200,19500,92,168,"Sí",24
98,"Hombre",8,"Seguridad",30000,15000,92,144,"Sí",21
99,"Mujer",12,"Administrativo",22050,10950,92,5,"Sí",9
100,"Hombre",18,"Directivo",78250,27480,91,47,"No",14
101,"Hombre",16,"Directivo",60625,22500,91,44,"No",17
102,"Hombre",14,"Administrativo",39900,15750,91,59,"No",14
103,"Hombre",19,"Directivo",97000,35010,91,68,"No",18
104,"Hombre",15,"Administrativo",27450,15750,91,48,"No",15
105,"Hombre",15,"Administrativo",31650,13500,91,18,"No",11
106,"Hombre",19,"Directivo",91250,29490,91,23,"No",15
107,"Mujer",12,"Administrativo",25200,14400,91,83,"No",17
108,"Mujer",12,"Administrativo",21000,11550,91,108,"No",47
109,"Hombre",12,"Administrativo",30450,15000,91,49,"Sí",14
110,"Hombre",15,"Administrativo",28350,18000,91,151,"Sí",25
111,"Hombre",12,"Seguridad",30750,9000,91,314,"Sí",37
112,"Hombre",12,"Seguridad",30750,15000,91,240,"Sí",29
113,"Hombre",16,"Directivo",54875,27480,90,68,"No",18
114,"Hombre",14,"Administrativo",37800,16500,90,60,"No",16
115,"Hombre",15,"Administrativo",33450,14100,90,85,"No",16
116,"Hombre",15,"Administrativo",30300,16500,90,16,"No",15
117,"Mujer",12,"Administrativo",31500,18750,90,205,"No",45
118,"Mujer",12,"Administrativo",31650,14250,90,48,"No",13
119,"Mujer",12,"Administrativo",25200,14100,90,55,"No",14
120,"Mujer",16,"Directivo",37800,15750,90,7,"No",13
121,"Mujer",15,"Administrativo",18750,10500,90,54,"No",41
122,"Mujer",15,"Administrativo",32550,13500,90,22,"No",12
123,"Mujer",12,"Administrativo",33300,15000,90,3,"No",28
124,"Mujer",16,"Administrativo",38550,16500,90,0,"No",14
125,"Hombre",12,"Administrativo",27450,15000,90,173,"Sí",21
126,"Hombre",15,"Seguridad",24300,15000,90,191,"Sí",26
127,"Hombre",12,"Seguridad",30750,15000,90,209,"Sí",27
128,"Mujer",12,"Administrativo",19650,9750,90,229,"Sí",31
129,"Hombre",17,"Directivo",68750,27510,89,38,"No",18
130,"Hombre",20,"Directivo",59375,30000,89,6,"No",19
131,"Hombre",15,"Administrativo",31500,15750,89,22,"No",15
132,"Hombre",12,"Administrativo",27300,17250,89,175,"No",24
133,"Hombre",15,"Administrativo",27000,15750,89,87,"No",18
134,"Mujer",16,"Directivo",41550,24990,89,285,"No",36
135,"Mujer",12,"Administrativo",26250,10950,89,0,"No",9
136,"Hombre",12,"Administrativo",22200,15000,88,324,"No",38
137,"Hombre",21,"Directivo",65000,37500,88,264,"No",40
138,"Hombre",12,"Administrativo",30900,15000,88,252,"No",30
139,"Mujer",8,"Administrativo",20100,13200,88,90,"No",46
140,"Mujer",12,"Administrativo",22350,13500,88,26,"No",12
141,"Mujer",15,"Administrativo",35550,13350,88,32,"No",11
142,"Mujer",12,"Administrativo",28500,13950,88,34,"No",11
143,"Mujer",12,"Administrativo",24450,13200,88,107,"No",38
144,"Mujer",8,"Administrativo",16650,9750,88,412,"No",46
145,"Hombre",12,"Administrativo",26700,13500,88,38,"Sí",13
146,"Hombre",18,"Administrativo",43950,23250,88,182,"Sí",26
147,"Hombre",15,"Administrativo",23700,13500,88,359,"Sí",41
148,"Mujer",15,"Administrativo",26550,14250,88,61,"Sí",18
149,"Hombre",12,"Administrativo",27600,15000,87,75,"No",15
150,"Hombre",12,"Administrativo",25800,15000,87,143,"No",23
151,"Hombre",16,"Directivo",42300,26250,87,126,"No",23
152,"Hombre",8,"Seguridad",30750,15000,87,451,"No",48
153,"Mujer",12,"Administrativo",26700,12900,87,18,"No",10
154,"Mujer",12,"Administrativo",20850,12000,87,163,"No",37
155,"Hombre",15,"Administrativo",35250,15000,87,54,"Sí",14
156,"Hombre",15,"Administrativo",26700,15000,87,56,"Sí",14
157,"Mujer",12,"Administrativo",26550,13050,87,11,"Sí",10
158,"Mujer",12,"Administrativo",27750,12000,87,11,"Sí",13
159,"Mujer",16,"Administrativo",25050,12750,87,123,"Sí",26
160,"Hombre",16,"Directivo",66000,47490,86,150,"No",26
161,"Hombre",16,"Administrativo",52650,19500,86,20,"No",14
162,"Hombre",16,"Directivo",45625,23250,86,60,"No",16
163,"Hombre",15,"Administrativo",30900,15000,86,25,"No",12
164,"Mujer",15,"Administrativo",29400,16500,86,24,"No",12
165,"Mujer",15,"Administrativo",33300,13500,86,24,"No",11
166,"Mujer",12,"Administrativo",21900,9750,86,156,"No",35
167,"Mujer",12,"Administrativo",18150,9750,86,72,"No",45
168,"Mujer",16,"Directivo",46875,17250,86,19,"No",15
169,"Hombre",12,"Administrativo",25500,14400,86,37,"Sí",12
170,"Hombre",12,"Administrativo",26550,15000,86,38,"Sí",13
171,"Hombre",12,"Administrativo",26700,13500,86,367,"Sí",47
172,"Mujer",15,"Administrativo",29850,15000,86,79,"Sí",24
173,"Hombre",20,"Directivo",69250,42480,85,134,"No",27
174,"Hombre",8,"Seguridad",31950,15000,85,438,"No",42
175,"Hombre",8,"Administrativo",26250,15600,85,171,"No",39
176,"Mujer",16,"Administrativo",35700,17250,85,19,"No",15
177,"Mujer",12,"Administrativo",28500,16500,85,69,"No",15
178,"Mujer",12,"Administrativo",17100,10200,85,72,"No",39
179,"Hombre",12,"Administrativo",25200,13050,85,29,"Sí",12
180,"Mujer",12,"Administrativo",24000,12750,85,59,"Sí",17
181,"Mujer",12,"Administrativo",27450,10200,85,101,"Sí",38
182,"Mujer",12,"Administrativo",18450,10200,85,228,"Sí",34
183,"Hombre",15,"Administrativo",39300,15750,84,72,"No",17
184,"Hombre",15,"Administrativo",38850,15000,84,53,"No",13
185,"Hombre",8,"Seguridad",30750,15000,84,380,"No",47
186,"Hombre",15,"Administrativo",37500,20400,84,33,"No",13
187,"Hombre",16,"Directivo",58750,21750,84,13,"No",14
188,"Mujer",12,"Administrativo",34500,18750,84,208,"No",43
189,"Mujer",12,"Administrativo",36000,19980,84,240,"No",27
190,"Mujer",8,"Administrativo",29100,16500,84,35,"No",45
191,"Mujer",12,"Administrativo",16500,10200,84,288,"No",46
192,"Hombre",12,"Administrativo",19650,12750,84,180,"Sí",28
193,"Mujer",12,"Administrativo",24750,12000,84,41,"Sí",11
194,"Mujer",15,"Administrativo",27150,15750,84,231,"Sí",39
195,"Mujer",12,"Administrativo",26400,12750,84,36,"Sí",22
196,"Mujer",16,"Administrativo",23100,12000,84,214,"Sí",31
197,"Hombre",15,"Directivo",54900,25500,83,49,"No",15
198,"Hombre",19,"Directivo",70875,43500,83,156,"No",25
199,"Hombre",16,"Directivo",51250,27480,83,69,"No",19
200,"Hombre",17,"Directivo",67500,34980,83,9,"No",14
201,"Hombre",12,"Administrativo",29340,19500,83,150,"No",22
202,"Hombre",15,"Administrativo",39600,16500,83,47,"No",14
203,"Hombre",12,"Administrativo",29100,15000,83,50,"No",13
204,"Hombre",15,"Administrativo",33150,16500,83,69,"No",17
205,"Hombre",16,"Directivo",66750,52500,83,258,"No",33
206,"Hombre",12,"Seguridad",33750,15000,83,284,"No",34
207,"Hombre",15,"Administrativo",27300,17250,83,91,"No",18
208,"Mujer",12,"Administrativo",24000,11250,83,16,"No",9
209,"Mujer",8,"Administrativo",19800,10200,83,75,"No",43
210,"Hombre",15,"Administrativo",30600,16500,83,216,"Sí",28
211,"Hombre",15,"Administrativo",28950,15000,83,108,"Sí",27
212,"Hombre",15,"Administrativo",38400,16500,83,64,"Sí",12
213,"Hombre",8,"Seguridad",30750,15000,83,302,"Sí",32
214,"Mujer",12,"Administrativo",20400,10950,83,9,"Sí",9
215,"Mujer",12,"Administrativo",19200,11100,83,7,"Sí",9
216,"Hombre",15,"Administrativo",30150,15750,82,72,"No",13
217,"Hombre",16,"Administrativo",34620,27750,82,149,"No",28
218,"Hombre",15,"Administrativo",80000,15750,82,34,"No",13
219,"Hombre",12,"Administrativo",25350,15000,82,32,"No",14
220,"Hombre",12,"Administrativo",29850,15750,82,85,"No",14
221,"Mujer",12,"Administrativo",24000,13800,82,97,"No",30
222,"Mujer",15,"Administrativo",27750,19500,82,265,"No",42
223,"Mujer",8,"Administrativo",22350,10200,82,48,"No",35
224,"Mujer",12,"Administrativo",16200,10200,82,0,"No",43
225,"Mujer",15,"Administrativo",21900,12750,82,0,"No",10
226,"Mujer",16,"Administrativo",23250,15750,82,4,"No",13
227,"Mujer",12,"Administrativo",33900,12000,82,11,"No",12
228,"Mujer",15,"Administrativo",25650,14250,82,51,"No",14
229,"Mujer",12,"Administrativo",17250,10200,82,358,"No",37
230,"Hombre",15,"Administrativo",22500,15000,82,371,"Sí",43
231,"Hombre",16,"Directivo",40200,21000,81,3,"No",12
232,"Hombre",19,"Directivo",55500,33750,81,62,"No",14
233,"Hombre",15,"Administrativo",26550,15000,81,52,"No",14
234,"Hombre",15,"Administrativo",50550,19500,81,44,"No",17
235,"Hombre",19,"Directivo",75000,31500,81,13,"No",15
236,"Mujer",8,"Administrativo",27450,12000,81,9,"No",8
237,"Mujer",12,"Administrativo",22650,11250,81,0,"No",8
238,"Mujer",12,"Administrativo",27300,11250,81,5,"No",8
239,"Mujer",12,"Administrativo",27750,11225,81,5,"No",8
240,"Mujer",16,"Directivo",54375,18750,81,81,"No",16
241,"Mujer",8,"Administrativo",17400,10200,81,390,"No",41
242,"Mujer",12,"Administrativo",40800,18000,81,4,"No",10
243,"Mujer",12,"Administrativo",23100,10950,81,0,"No",8
244,"Mujer",8,"Administrativo",22500,10950,81,5,"No",8
245,"Mujer",12,"Administrativo",26700,11550,81,18,"No",8
246,"Mujer",12,"Administrativo",24900,11250,81,0,"No",9
247,"Mujer",12,"Administrativo",19650,10950,81,11,"No",9
248,"Mujer",12,"Administrativo",22050,10950,81,9,"No",8
249,"Mujer",12,"Administrativo",25500,12000,81,11,"No",8
250,"Mujer",15,"Administrativo",28200,12750,81,19,"No",11
251,"Mujer",12,"Administrativo",23100,11250,81,13,"No",8
252,"Hombre",12,"Administrativo",25500,11400,81,9,"Sí",8
253,"Mujer",8,"Administrativo",17100,10200,81,0,"Sí",35
254,"Hombre",18,"Directivo",68125,32490,80,29,"No",13
255,"Hombre",12,"Seguridad",30600,15750,80,460,"No",45
256,"Hombre",19,"Directivo",52125,27480,80,221,"No",29
257,"Hombre",19,"Directivo",61875,36750,80,199,"No",26
258,"Hombre",8,"Administrativo",21300,11550,80,24,"No",8
259,"Mujer",12,"Administrativo",19650,11250,80,5,"No",8
260,"Mujer",12,"Administrativo",22350,11250,80,5,"No",8
261,"Mujer",12,"Administrativo",23400,11250,80,18,"No",8
262,"Mujer",12,"Administrativo",24300,10950,80,8,"No",9
263,"Mujer",12,"Administrativo",28500,11250,80,4,"No",9
264,"Mujer",12,"Administrativo",19950,11250,80,8,"No",8
265,"Mujer",12,"Administrativo",23400,11250,80,0,"No",8
266,"Mujer",16,"Administrativo",34500,17250,80,3,"No",14
267,"Mujer",12,"Administrativo",18150,10950,80,0,"No",8
268,"Hombre",12,"Administrativo",22350,15000,80,272,"Sí",41
269,"Hombre",15,"Administrativo",40200,17250,79,38,"No",11
270,"Hombre",15,"Administrativo",28650,18000,79,261,"No",30
271,"Hombre",15,"Administrativo",27750,16500,79,55,"No",14
272,"Hombre",18,"Administrativo",66875,31980,79,30,"No",13
273,"Hombre",12,"Seguridad",30000,15750,79,308,"No",38
274,"Hombre",16,"Directivo",83750,21750,79,12,"No",13
275,"Hombre",12,"Administrativo",33900,16500,79,94,"No",14
276,"Hombre",16,"Directivo",56500,21000,79,12,"No",12
277,"Mujer",16,"Directivo",43000,17490,79,20,"No",12
278,"Mujer",8,"Administrativo",20850,12000,79,70,"No",34
279,"Mujer",12,"Administrativo",24450,12000,79,8,"No",8
280,"Mujer",12,"Administrativo",24750,10950,79,5,"No",8
281,"Hombre",8,"Seguridad",34500,15750,79,246,"Sí",32
282,"Hombre",14,"Administrativo",27900,15000,79,47,"Sí",14
283,"Hombre",19,"Directivo",68125,32010,78,35,"No",14
284,"Hombre",19,"Directivo",73500,33000,78,45,"No",16
285,"Hombre",8,"Seguridad",30750,15750,78,429,"No",47
286,"Hombre",15,"Directivo",40050,25500,78,133,"No",19
287,"Hombre",16,"Administrativo",40350,19500,78,20,"No",12
288,"Hombre",15,"Directivo",38700,23730,78,176,"No",22
289,"Hombre",17,"Directivo",65000,30750,78,26,"No",13
290,"Hombre",18,"Directivo",51450,36240,78,149,"No",23
291,"Hombre",12,"Seguridad",35250,15750,78,387,"No",43
292,"Hombre",14,"Administrativo",25950,15000,78,53,"No",14
293,"Hombre",15,"Administrativo",25050,14250,78,24,"No",12
294,"Hombre",12,"Administrativo",26700,12750,78,25,"No",9
295,"Hombre",8,"Administrativo",24000,15750,78,476,"No",45
296,"Hombre",12,"Administrativo",26850,15000,78,48,"No",13
297,"Mujer",12,"Administrativo",23400,15300,78,209,"No",35
298,"Mujer",12,"Administrativo",24600,13500,78,47,"No",11
299,"Mujer",15,"Administrativo",32550,18000,78,6,"No",12
300,"Hombre",16,"Administrativo",26550,15000,78,105,"Sí",17
301,"Hombre",12,"Administrativo",31500,13500,78,7,"Sí",9
302,"Hombre",8,"Administrativo",22350,15000,78,320,"Sí",38
303,"Hombre",12,"Seguridad",35250,15750,78,281,"Sí",39
304,"Mujer",15,"Administrativo",25800,13500,78,51,"Sí",32
305,"Hombre",12,"Seguridad",30750,15750,77,317,"No",36
306,"Hombre",15,"Administrativo",30750,16500,77,41,"No",11
307,"Hombre",16,"Directivo",50000,32490,77,264,"No",32
308,"Hombre",15,"Administrativo",34500,18000,77,63,"No",14
309,"Hombre",15,"Administrativo",26250,15750,77,38,"No",13
310,"Hombre",16,"Administrativo",44875,21240,77,22,"No",13
311,"Mujer",12,"Administrativo",22500,12000,77,63,"No",26
312,"Mujer",12,"Administrativo",25650,14250,77,64,"No",14
313,"Mujer",12,"Administrativo",21300,11250,77,0,"No",8
314,"Mujer",12,"Administrativo",29850,13500,77,38,"No",11
315,"Mujer",12,"Administrativo",34500,12150,77,4,"No",8
316,"Hombre",15,"Administrativo",27750,15000,77,52,"Sí",17
317,"Hombre",12,"Administrativo",27750,11550,77,12,"Sí",8
318,"Hombre",16,"Directivo",48750,21990,76,61,"No",16
319,"Hombre",15,"Administrativo",43410,15750,76,12,"No",11
320,"Hombre",12,"Administrativo",22050,15000,76,385,"No",41
321,"Mujer",12,"Administrativo",22050,12000,76,6,"No",24
322,"Mujer",12,"Administrativo",22500,14250,76,90,"No",39
323,"Mujer",15,"Administrativo",25500,12000,76,7,"No",10
324,"Mujer",12,"Administrativo",29160,15000,76,22,"No",11
325,"Mujer",8,"Administrativo",16800,10200,76,76,"No",43
326,"Hombre",8,"Seguridad",29550,15750,76,144,"Sí",19
327,"Hombre",12,"Administrativo",26700,15750,76,18,"Sí",12
328,"Hombre",18,"Directivo",55000,32490,75,125,"No",25
329,"Hombre",18,"Directivo",62500,34980,75,74,"No",19
330,"Hombre",15,"Administrativo",27300,17250,75,132,"No",18
331,"Mujer",12,"Administrativo",24450,12000,75,144,"No",35
332,"Mujer",16,"Administrativo",33000,18000,75,26,"No",13
333,"Mujer",15,"Administrativo",37050,18000,75,5,"No",12
334,"Mujer",12,"Administrativo",24450,10950,75,32,"Sí",11
335,"Hombre",8,"Seguridad",31950,15750,74,408,"No",47
336,"Hombre",16,"Directivo",47250,21240,74,45,"No",13
337,"Mujer",12,"Administrativo",26100,11550,74,2,"No",7
338,"Mujer",8,"Administrativo",15900,10200,74,43,"No",39
339,"Mujer",8,"Administrativo",23700,10650,74,281,"No",35
340,"Mujer",8,"Administrativo",21750,12450,74,318,"No",43
341,"Hombre",12,"Directivo",59400,33750,74,272,"Sí",32
342,"Mujer",12,"Administrativo",24450,14250,74,117,"Sí",29
343,"Hombre",16,"Directivo",103500,60000,73,150,"No",24
344,"Hombre",12,"Administrativo",35700,16500,73,72,"No",14
345,"Mujer",12,"Administrativo",22200,16500,73,7,"No",8
346,"Mujer",15,"Administrativo",22950,13950,73,22,"No",9
347,"Mujer",12,"Administrativo",23100,12000,73,228,"No",33
348,"Mujer",16,"Directivo",56750,30000,73,15,"No",15
349,"Mujer",17,"Administrativo",29100,12750,73,375,"No",39
350,"Mujer",12,"Administrativo",37650,15750,73,132,"No",38
351,"Mujer",12,"Administrativo",27900,13500,73,32,"No",11
352,"Mujer",8,"Administrativo",21150,12000,73,159,"No",44
353,"Hombre",12,"Seguridad",31200,15750,73,155,"Sí",22
354,"Mujer",12,"Administrativo",20550,11250,73,154,"Sí",31
355,"Hombre",15,"Administrativo",25950,17250,72,83,"No",16
356,"Hombre",15,"Administrativo",28350,15000,72,48,"No",12
357,"Mujer",8,"Administrativo",17700,10200,72,184,"No",45
358,"Mujer",15,"Administrativo",23550,13500,72,49,"No",33
359,"Mujer",12,"Administrativo",19950,10200,72,56,"No",36
360,"Mujer",12,"Administrativo",29400,15300,72,30,"No",9
361,"Mujer",12,"Administrativo",28800,13950,72,18,"No",11
362,"Mujer",8,"Administrativo",16950,10200,72,319,"No",40
363,"Hombre",16,"Administrativo",35700,18000,72,138,"Sí",23
364,"Mujer",12,"Administrativo",17400,10200,72,116,"Sí",30
365,"Mujer",8,"Administrativo",21450,10200,72,194,"Sí",29
366,"Mujer",12,"Administrativo",24750,12000,72,68,"Sí",16
367,"Mujer",12,"Administrativo",16950,10200,72,271,"Sí",35
368,"Mujer",12,"Administrativo",26100,13500,72,169,"Sí",34
369,"Hombre",14,"Administrativo",28050,15000,71,15,"No",10
370,"Mujer",16,"Administrativo",36600,18000,71,12,"No",14
371,"Mujer",16,"Directivo",58125,18000,71,11,"No",11
372,"Hombre",15,"Administrativo",21300,15750,70,372,"No",42
373,"Hombre",12,"Administrativo",22500,16500,70,216,"No",28
374,"Hombre",15,"Administrativo",29400,15750,70,15,"No",10
375,"Hombre",12,"Administrativo",27450,14700,70,41,"No",11
376,"Hombre",15,"Administrativo",29850,15750,70,48,"No",13
377,"Hombre",15,"Administrativo",25350,15750,70,56,"No",12
378,"Mujer",8,"Administrativo",15750,10200,70,275,"No",47
379,"Mujer",8,"Administrativo",19650,13050,70,102,"No",39
380,"Mujer",12,"Administrativo",21000,13500,70,82,"No",36
381,"Hombre",17,"Administrativo",27000,18000,70,192,"Sí",31
382,"Hombre",12,"Administrativo",24000,15750,70,120,"Sí",18
383,"Hombre",17,"Directivo",78500,28740,70,67,"Sí",16
384,"Mujer",12,"Administrativo",20850,13050,70,127,"Sí",22
385,"Hombre",12,"Seguridad",30000,15750,69,348,"No",47
386,"Hombre",8,"Seguridad",28500,15750,69,174,"No",43
387,"Hombre",19,"Directivo",65000,31980,69,74,"No",12
388,"Hombre",14,"Administrativo",30150,16500,69,110,"No",18
389,"Hombre",19,"Directivo",66875,32490,69,81,"No",18
390,"Mujer",15,"Administrativo",24150,13500,69,7,"No",9
391,"Mujer",12,"Administrativo",24450,12450,69,12,"No",8
392,"Mujer",12,"Administrativo",21600,12000,69,0,"No",7
393,"Mujer",12,"Administrativo",27900,12450,69,0,"No",8
394,"Mujer",8,"Administrativo",29100,12450,69,17,"No",7
395,"Mujer",12,"Administrativo",22650,11250,69,2,"No",7
396,"Mujer",12,"Administrativo",20850,11250,69,0,"No",7
397,"Mujer",12,"Administrativo",22950,12300,69,5,"No",7
398,"Mujer",12,"Administrativo",30600,12450,69,5,"No",7
399,"Mujer",12,"Administrativo",20400,11250,69,0,"No",7
400,"Mujer",12,"Administrativo",23850,12750,69,20,"No",8
401,"Mujer",12,"Administrativo",22800,11250,69,0,"No",7
402,"Mujer",12,"Administrativo",20700,11250,69,2,"No",7
403,"Mujer",12,"Administrativo",21300,11250,69,3,"Sí",7
404,"Mujer",12,"Administrativo",24300,15000,69,121,"Sí",24
405,"Mujer",12,"Administrativo",19650,13950,69,133,"Sí",33
406,"Hombre",17,"Directivo",60000,32490,68,17,"No",12
407,"Hombre",15,"Administrativo",30300,15750,68,55,"No",12
408,"Hombre",19,"Directivo",61250,33000,68,9,"No",13
409,"Hombre",19,"Administrativo",36000,19500,68,21,"No",15
410,"Mujer",8,"Administrativo",25200,18750,68,344,"No",35
411,"Mujer",12,"Administrativo",16200,10200,68,180,"No",46
412,"Mujer",12,"Administrativo",22800,11250,68,2,"No",7
413,"Mujer",16,"Directivo",43500,19500,68,11,"No",11
414,"Hombre",8,"Seguridad",30300,15750,68,155,"Sí",16
415,"Hombre",15,"Administrativo",31950,15750,68,70,"Sí",14
416,"Hombre",15,"Administrativo",35250,13500,67,6,"No",12
417,"Hombre",15,"Administrativo",37800,15000,67,36,"No",10
418,"Hombre",15,"Administrativo",31200,15750,67,46,"No",12
419,"Hombre",15,"Administrativo",29400,16500,67,68,"No",13
420,"Hombre",19,"Directivo",70000,35040,67,75,"No",20
421,"Hombre",15,"Administrativo",33900,15750,67,96,"No",16
422,"Hombre",15,"Administrativo",27150,16500,67,78,"No",14
423,"Mujer",12,"Administrativo",22200,13800,67,196,"No",41
424,"Mujer",15,"Administrativo",31350,11100,67,47,"No",11
425,"Mujer",12,"Administrativo",20850,13500,67,181,"No",35
426,"Hombre",16,"Administrativo",33300,17490,67,120,"Sí",25
427,"Hombre",8,"Administrativo",26250,16050,67,97,"Sí",35
428,"Hombre",15,"Administrativo",31950,15750,67,58,"Sí",13
429,"Hombre",8,"Seguridad",30000,15750,67,305,"Sí",31
430,"Hombre",19,"Directivo",66250,34980,67,99,"Sí",21
431,"Hombre",18,"Directivo",86250,45000,66,50,"No",18
432,"Hombre",12,"Administrativo",30750,15000,66,56,"No",13
433,"Hombre",12,"Administrativo",33540,15750,66,47,"No",11
434,"Hombre",16,"Administrativo",34950,20250,66,55,"No",NA
435,"Hombre",15,"Administrativo",40350,16500,66,80,"No",13
436,"Hombre",12,"Administrativo",30270,15750,66,80,"No",12
437,"Hombre",8,"Administrativo",26250,16050,66,264,"No",44
438,"Hombre",15,"Administrativo",32400,15000,66,64,"No",13
439,"Mujer",12,"Administrativo",20400,11250,66,0,"No",7
440,"Mujer",8,"Administrativo",24150,12750,66,96,"No",30
441,"Mujer",15,"Administrativo",23850,13500,66,122,"No",28
442,"Mujer",12,"Administrativo",29700,13500,66,26,"No",9
443,"Mujer",8,"Administrativo",21600,13500,66,228,"No",48
444,"Mujer",12,"Administrativo",24450,15750,66,87,"No",16
445,"Hombre",15,"Administrativo",28050,16500,66,84,"Sí",14
446,"Hombre",16,"Directivo",1e+05,44100,66,128,"Sí",19
447,"Hombre",15,"Administrativo",49000,20550,66,86,"Sí",16
448,"Mujer",12,"Administrativo",16350,10200,66,163,"Sí",44
449,"Hombre",16,"Directivo",70000,21750,65,19,"No",11
450,"Hombre",19,"Directivo",55000,34980,65,129,"No",23
451,"Hombre",15,"Administrativo",28500,14250,65,20,"No",8
452,"Hombre",12,"Administrativo",28800,18000,65,210,"No",24
453,"Hombre",15,"Administrativo",24450,15750,65,338,"No",47
454,"Hombre",19,"Directivo",90625,31250,65,18,"No",12
455,"Hombre",16,"Directivo",43650,19500,65,19,"No",13
456,"Hombre",19,"Directivo",75000,42510,65,54,"No",18
457,"Hombre",15,"Administrativo",31650,14250,65,10,"No",9
458,"Hombre",19,"Directivo",61875,28740,65,26,"No",12
459,"Mujer",12,"Administrativo",21750,11250,65,0,"No",6
460,"Mujer",12,"Administrativo",22500,12750,65,24,"No",8
461,"Mujer",8,"Administrativo",21600,13500,65,173,"No",34
462,"Mujer",16,"Directivo",34410,19500,65,79,"No",14
463,"Mujer",15,"Administrativo",20700,14250,65,241,"No",43
464,"Hombre",19,"Directivo",47550,33000,64,27,"No",15
465,"Hombre",12,"Administrativo",33900,16500,64,106,"No",15
466,"Mujer",12,"Administrativo",23400,13500,64,198,"No",29
467,"Mujer",16,"Administrativo",32850,19500,64,20,"No",10
468,"Mujer",16,"Directivo",55750,19980,64,36,"No",12
469,"Mujer",15,"Administrativo",25200,13950,64,57,"No",13
470,"Hombre",12,"Administrativo",26250,15750,64,69,"Sí",13
471,"Hombre",15,"Administrativo",26400,15750,64,32,"Sí",11
472,"Hombre",15,"Administrativo",39150,15750,63,46,"No",11
473,"Mujer",12,"Administrativo",21450,12750,63,139,"No",40
474,"Mujer",12,"Administrativo",29400,14250,63,9,"No",9
